<pkg:metadata xmlns:pkg="http://marklogic.com/manage/package"><pkg:package-version>2.0</pkg:package-version><user xmlns="http://marklogic.com/manage/package">admin</user><group xmlns="http://marklogic.com/manage/package">Default</group><host xmlns="http://marklogic.com/manage/package">swetha-pc.villanova.edu</host><timestamp xmlns="http://marklogic.com/manage/package">2018-05-06T23:25:36.1722944-04:00</timestamp><platform xmlns="http://marklogic.com/manage/package">winnt</platform></pkg:metadata>